{"is_source_file": true, "format": "Python", "description": "This is a Python script implementing an interactive SQLite database shell. It provides commands for listing tables, showing schemas, describing table structures, executing SQL queries, and other database management tasks.", "external_files": ["sqlite3"], "external_methods": ["sqlite3.connect", "cursor.execute", "cursor.fetchall", "cursor.fetchone"], "published": [], "classes": [], "methods": [{"name": "print_help()", "description": "Prints help information about available commands", "scope": "", "scopeKind": ""}, {"name": "list_tables(cursor)", "description": "Lists all tables in the SQLite database", "scope": "", "scopeKind": ""}, {"name": "show_schema(cursor, table_name=None)", "description": "Shows CREATE statements for tables, optionally specific to a given table", "scope": "", "scopeKind": ""}, {"name": "describe_table(cursor, table_name)", "description": "Displays structure of a specified table using PRAGMA", "scope": "", "scopeKind": ""}, {"name": "execute_query(cursor, query)", "description": "Executes a SQL query and outputs the results or affected rows", "scope": "", "scopeKind": ""}, {"name": "main()", "description": "Main function implementing the interactive shell loop", "scope": "", "scopeKind": ""}], "calls": ["sqlite3.connect", "cursor.execute", "cursor.fetchall", "cursor.fetchone", "print", "input"], "search-terms": ["db_shell", "sqlite3", "interactive shell", "database commands", "schema", "describe table", "list tables"], "state": 2, "file_id": 7, "knowledge_revision": 18, "git_revision": "27a6586eba70b3a0ad1508859efbb3a66f7c419e", "ctags": [{"_type": "tag", "name": "DB_NAME", "path": "/home/kavia/workspace/code-generation/simple-to-do-list-201566-201577/database/db_shell.py", "pattern": "/^DB_NAME = \"myapp.db\"$/", "language": "Python", "kind": "variable"}, {"_type": "tag", "name": "describe_table", "path": "/home/kavia/workspace/code-generation/simple-to-do-list-201566-201577/database/db_shell.py", "pattern": "/^def describe_table(cursor, table_name):$/", "language": "Python", "kind": "function", "signature": "(cursor, table_name)"}, {"_type": "tag", "name": "execute_query", "path": "/home/kavia/workspace/code-generation/simple-to-do-list-201566-201577/database/db_shell.py", "pattern": "/^def execute_query(cursor, query):$/", "language": "Python", "kind": "function", "signature": "(cursor, query)"}, {"_type": "tag", "name": "list_tables", "path": "/home/kavia/workspace/code-generation/simple-to-do-list-201566-201577/database/db_shell.py", "pattern": "/^def list_tables(cursor):$/", "language": "Python", "kind": "function", "signature": "(cursor)"}, {"_type": "tag", "name": "main", "path": "/home/kavia/workspace/code-generation/simple-to-do-list-201566-201577/database/db_shell.py", "pattern": "/^def main():$/", "language": "Python", "kind": "function", "signature": "()"}, {"_type": "tag", "name": "print_help", "path": "/home/kavia/workspace/code-generation/simple-to-do-list-201566-201577/database/db_shell.py", "pattern": "/^def print_help():$/", "language": "Python", "kind": "function", "signature": "()"}, {"_type": "tag", "name": "show_schema", "path": "/home/kavia/workspace/code-generation/simple-to-do-list-201566-201577/database/db_shell.py", "pattern": "/^def show_schema(cursor, table_name=None):$/", "language": "Python", "kind": "function", "signature": "(cursor, table_name=None)"}], "hash": "7a5a132ab2db661e22c5eb4827332833", "format-version": 4, "code-base-name": "database", "filename": "database/db_shell.py", "fields": [{"name": "DB_NAME = \"myapp.db\"", "scope": "", "scopeKind": "", "description": "unavailable"}], "revision_history": [{"18": "27a6586eba70b3a0ad1508859efbb3a66f7c419e"}]}