{"is_source_file": true, "format": "bash", "description": "A shell script for automating the backup process of various types of databases (SQLite, PostgreSQL, MySQL, MongoDB). It detects the running database type and performs appropriate backup commands.", "external_files": ["/usr/lib/postgresql/", "/var/run/mysqld/mysqld.sock"], "external_methods": ["ls", "cp", "sudo -u postgres pg_isready", "sudo mysqladmin ping", "mysqladmin ping", "mysql", "mysqldump", "mongosh", "mongodump"], "published": [], "classes": [], "methods": [], "calls": ["ls", "echo", "cp", "sudo -u postgres pg_isready", "mysqladmin ping", "mysql -h localhost -P ${DB_PORT} -u ${DB_USER} -p${DB_PASSWORD} -e \"SELECT 1\"", "mysqldump -h localhost -P ${DB_PORT} -u ${DB_USER} -p${DB_PASSWORD} --databases ${DB_NAME} --add-drop-database --routines --triggers --single-transaction", "mongosh --port ${DB_PORT} --eval \"db.adminCommand('ping')\"", "mongodump --port ${DB_PORT} --db ${DB_NAME} --archive=database_backup.archive --quiet"], "search-terms": ["backup_db.sh", "database backup", "SQLite backup", "PostgreSQL backup", "MySQL backup", "MongoDB backup", "database detection", "shell script", "database credentials"], "state": 2, "file_id": 1, "knowledge_revision": 12, "git_revision": "27a6586eba70b3a0ad1508859efbb3a66f7c419e", "hash": "d7da372b768c895a33088027314656c3", "format-version": 4, "code-base-name": "database", "filename": "database/backup_db.sh", "revision_history": [{"12": "27a6586eba70b3a0ad1508859efbb3a66f7c419e"}]}