{"is_source_file": true, "format": "bash script", "description": "This is a shell script for restoring various types of databases (SQLite, PostgreSQL, MySQL, MongoDB) from backup files. It detects backup files and database services, then performs appropriate restore commands accordingly.", "external_files": ["database_backup.db", "database_backup.sql", "database_backup.archive"], "external_methods": ["ls", "cp", "sudo -u postgres pg_isready", "psql", "mysqladmin ping", "mysql", "mongosh", "mongorestore"], "published": [], "classes": [], "methods": [], "calls": ["ls", "cp", "sudo -u postgres pg_isready", "psql", "mysqladmin ping", "mysql", "mongosh", "mongorestore"], "search-terms": ["restore_db.sh", "database restore script", "detect backup type", "SQLite restore", "PostgreSQL restore", "MySQL restore", "MongoDB restore", "backup files"], "state": 2, "file_id": 6, "knowledge_revision": 13, "git_revision": "27a6586eba70b3a0ad1508859efbb3a66f7c419e", "hash": "d42c3e6cbc3bbd627e3c08afcf4183ec", "format-version": 4, "code-base-name": "database", "filename": "database/restore_db.sh", "revision_history": [{"13": "27a6586eba70b3a0ad1508859efbb3a66f7c419e"}]}