{"is_source_file": false, "format": "", "description": "", "external_files": [], "external_methods": [], "published": [], "classes": [], "methods": [], "calls": [], "search-terms": ["index.html", "HTML", "Database Viewer", "frontend", "UI", "JavaScript", "table rendering", "database visualization"], "state": 2, "file_id": 3, "knowledge_revision": 11, "git_revision": "27a6586eba70b3a0ad1508859efbb3a66f7c419e", "hash": "ee63333a4841bf025439c755a74c9881", "format-version": 4, "code-base-name": "database", "filename": "database/db_visualizer/public/index.html", "revision_history": [{"11": "27a6586eba70b3a0ad1508859efbb3a66f7c419e"}]}